City_ID,City,Country,Lat,Lng,Max Temp,Humidity,Cloudiness,Wind Speed,Current Description
0,Constitucion,CL,-35.3333,-72.4167,61.05,57,100,7.92,overcast clouds
1,Qaanaaq,GL,77.484,-69.3632,14.31,71,100,4.5,overcast clouds
2,Gusinoye Ozero,RU,51.1144,106.2614,34.68,78,77,5.3,broken clouds
3,Sisimiut,GL,66.9395,-53.6735,32.97,98,100,25.08,snow
4,Albany,US,42.6001,-73.9662,62.6,55,40,9.22,scattered clouds
5,Rikitea,PF,-23.1203,-134.9692,77.16,70,100,8.99,overcast clouds
6,Camacha,PT,33.0833,-16.3333,68.0,68,20,13.8,few clouds
7,Puerto Ayora,EC,-0.7393,-90.3518,77.0,94,75,3.44,light rain
8,Beringovskiy,RU,63.05,179.3167,5.76,94,100,8.75,overcast clouds
9,Mataura,NZ,-46.1927,168.8643,46.99,85,100,3.0,overcast clouds
10,Esna,EG,25.2934,32.554,93.2,18,0,13.8,clear sky
11,Lagoa,PT,39.05,-27.9833,59.27,78,100,9.57,overcast clouds
12,Tiksi,RU,71.6872,128.8694,-12.28,100,100,7.67,overcast clouds
13,Carballo,ES,43.213,-8.691,64.99,59,100,3.0,overcast clouds
14,Waitati,NZ,-45.75,170.5667,52.0,95,100,2.62,light rain
15,Acapulco,MX,16.8634,-99.8901,80.6,65,20,3.44,few clouds
16,Castro,BR,-24.7911,-50.0119,75.51,51,9,3.78,clear sky
17,Palmer,US,42.1584,-72.3287,62.01,58,35,5.01,scattered clouds
18,Kangaatsiaq,GL,68.3065,-53.4641,31.35,98,100,12.08,light snow
19,Bluff,NZ,-46.6,168.3333,46.99,85,87,3.0,overcast clouds
20,Khatanga,RU,71.9667,102.5,-12.57,91,14,4.81,few clouds
21,Kenai,US,60.5544,-151.2583,12.2,44,1,19.57,clear sky
22,Airai,TL,-8.9266,125.4092,58.32,91,7,1.21,clear sky
23,Borova,UA,50.1763,30.1043,50.0,34,0,6.71,clear sky
24,Baherden,TM,38.4362,57.4316,81.82,20,56,6.33,broken clouds
25,East London,ZA,-33.0153,27.9116,71.6,83,20,6.91,few clouds
26,Pocoes,BR,-14.5297,-40.3653,78.06,54,66,11.99,broken clouds
27,Camopi,GF,3.1655,-52.3158,70.99,98,100,2.71,overcast clouds
28,Jamestown,US,42.097,-79.2353,63.0,72,75,12.66,broken clouds
29,Kpandae,GH,8.4689,-0.0113,103.26,24,100,9.19,overcast clouds
30,Jalu,LY,29.0331,21.5482,76.95,21,0,15.82,clear sky
31,Kondratovo,RU,57.9804,56.1066,41.0,87,90,2.53,light rain
32,Camargo,MX,27.6667,-105.1667,74.12,13,2,13.62,clear sky
33,Moose Factory,CA,51.2585,-80.6094,41.0,93,1,11.5,clear sky
34,Sargatskoye,RU,55.6101,73.4972,33.42,97,100,13.6,light snow
35,Merauke,ID,-8.4667,140.3333,78.76,82,95,6.42,overcast clouds
36,Bjornevatn,NO,69.6672,29.9847,30.2,51,0,12.66,clear sky
37,Ornskoldsvik,SE,63.2909,18.7153,33.8,100,75,16.11,light snow
38,Bredasdorp,ZA,-34.5322,20.0403,77.0,47,99,8.05,overcast clouds
39,Ribeira Grande,PT,38.5167,-28.7,62.6,82,40,10.36,scattered clouds
40,Voh,NC,-20.9667,164.7,74.28,93,100,4.79,overcast clouds
41,Talnakh,RU,69.4865,88.3972,14.63,86,100,7.49,overcast clouds
42,Cape Town,ZA,-33.9258,18.4232,73.99,60,0,19.57,clear sky
43,Gorontalo,ID,0.5412,123.0595,76.35,94,98,2.68,overcast clouds
44,Paamiut,GL,61.994,-49.6678,34.43,90,100,11.43,overcast clouds
45,Tuktoyaktuk,CA,69.4541,-133.0374,-16.6,76,90,19.57,snow
46,Antofagasta,CL,-23.65,-70.4,73.0,63,75,6.91,broken clouds
47,San Patricio,US,28.017,-97.5169,78.01,83,90,19.57,overcast clouds
48,Ushuaia,AR,-54.8,-68.3,44.6,57,75,5.75,broken clouds
49,High Level,CA,58.5169,-117.136,21.2,93,90,5.75,light snow
50,Tasiilaq,GL,65.6145,-37.6368,24.8,74,40,5.75,scattered clouds
51,Creel,MX,27.75,-107.6333,58.05,19,0,10.42,clear sky
52,Punta Arenas,CL,-53.15,-70.9167,50.0,62,40,17.27,scattered clouds
53,Samarai,PG,-10.6167,150.6667,79.27,86,100,10.18,overcast clouds
54,Cintalapa,MX,16.6951,-93.7272,81.88,46,2,7.27,clear sky
55,Port Alfred,ZA,-33.5906,26.891,69.28,72,14,9.15,few clouds
56,Pirgos,GR,35.1167,25.7178,57.0,32,21,28.9,few clouds
57,Lebu,CL,-37.6167,-73.65,57.18,71,100,11.01,overcast clouds
58,Faya,SA,18.3851,42.4509,77.0,35,40,14.97,scattered clouds
59,Bucerias,MX,20.75,-105.3333,77.0,78,1,2.53,clear sky
60,Kaitangata,NZ,-46.2817,169.8464,47.23,92,100,3.18,overcast clouds
61,Ormara,PK,25.2088,64.6357,80.65,69,13,16.17,few clouds
62,Kariba,ZW,-16.5167,28.8,79.57,49,1,3.74,clear sky
63,Luba,GQ,3.4568,8.5547,87.8,70,20,4.61,light rain
64,Arraial Do Cabo,BR,-22.9661,-42.0278,82.4,54,20,18.41,few clouds
65,Hobart,AU,-42.8794,147.3294,50.0,57,34,9.22,light rain
66,Avera,US,33.194,-82.5271,71.6,86,90,9.22,overcast clouds
67,Barrow,US,71.2906,-156.7887,-20.2,76,1,8.05,clear sky
68,Busselton,AU,-33.65,115.3333,57.0,78,0,14.36,clear sky
69,Kodiak,US,57.79,-152.4072,21.2,27,1,26.46,clear sky
70,Oda,JP,35.1833,132.5,42.28,66,9,9.01,clear sky
71,Marawi,PH,7.9986,124.2928,78.01,88,89,8.01,overcast clouds
72,New Norfolk,AU,-42.7826,147.0587,50.0,66,61,1.99,broken clouds
73,Koshurnikovo,RU,54.1667,93.3,19.94,95,23,3.91,few clouds
74,Port Elizabeth,ZA,-33.918,25.5701,64.4,82,20,12.66,few clouds
75,Lompoc,US,34.6391,-120.4579,53.01,93,46,3.44,scattered clouds
76,Souillac,MU,-20.5167,57.5167,77.0,94,75,12.66,light rain
77,Wukari,NG,7.85,9.7833,104.16,21,94,5.41,overcast clouds
78,Berbera,SO,10.4396,45.0143,84.27,57,8,15.21,clear sky
79,Kapaa,US,22.0752,-159.319,68.0,83,90,12.19,light rain
80,Gbarnga,LR,6.9956,-9.4722,93.0,44,97,4.36,overcast clouds
81,Hermanus,ZA,-34.4187,19.2345,73.0,70,100,5.01,overcast clouds
82,Ariquemes,BR,-9.9133,-63.0408,79.21,86,99,3.27,overcast clouds
83,Chuy,UY,-33.6971,-53.4616,73.83,72,100,4.09,overcast clouds
84,Husavik,IS,66.0449,-17.3389,28.4,69,75,10.36,light rain
85,Bitung,ID,1.4451,125.1824,75.2,94,40,2.3,scattered clouds
86,Mikkeli,FI,61.6886,27.2723,35.6,93,90,13.8,light rain
87,Matias Romero,MX,16.8833,-95.0333,83.08,59,61,14.94,broken clouds
88,Bila Tserkva,UA,49.8094,30.1121,48.07,37,94,3.65,overcast clouds
89,Jibuti,DJ,11.5,42.5,84.2,58,1,6.91,clear sky
90,Atuona,PF,-9.8,-139.0333,80.53,77,15,17.94,few clouds
91,Vallenar,CL,-28.5708,-70.7581,76.68,34,0,5.3,clear sky
92,Avarua,CK,-21.2078,-159.775,75.2,100,75,2.3,broken clouds
93,Vaini,TO,-21.2,-175.2,73.4,88,75,3.44,broken clouds
94,Srednekolymsk,RU,67.45,153.6833,-7.56,100,95,6.44,overcast clouds
95,Nanortalik,GL,60.1432,-45.2371,37.44,88,100,11.27,light rain
96,Saldanha,ZA,-33.0117,17.9442,77.0,53,94,17.27,overcast clouds
97,Feijo,BR,-8.1642,-70.3536,79.88,77,100,1.21,overcast clouds
98,Saint-Philippe,RE,-21.3585,55.7679,82.4,65,75,2.3,light rain
99,Geraldton,AU,-28.7667,114.6,82.4,36,95,10.36,overcast clouds
100,Hithadhoo,MV,-0.6,73.0833,83.39,66,6,11.59,clear sky
101,Faanui,PF,-16.4833,-151.75,81.34,70,91,7.83,overcast clouds
102,Yabelo,ET,4.8833,38.0833,77.41,28,82,2.21,broken clouds
103,Ganganagar,IN,29.9167,73.8833,81.34,12,8,2.51,clear sky
104,Kaabong,UG,3.4836,34.1492,77.94,45,80,10.33,broken clouds
105,Yellowknife,CA,62.456,-114.3525,3.99,78,90,9.22,overcast clouds
106,Okha,RU,53.5739,142.9478,14.27,95,17,7.2,few clouds
107,Taywarah,AF,33.35,64.4167,52.02,16,2,5.97,clear sky
108,Ishigaki,JP,24.3448,124.1572,72.18,73,100,17.22,overcast clouds
109,Luanda,AO,-8.8368,13.2343,84.2,79,20,10.36,few clouds
110,Kayerkan,RU,69.3497,87.7602,14.83,93,100,7.99,overcast clouds
111,Eregli,TR,37.5133,34.0467,39.06,77,99,1.5,overcast clouds
112,Luderitz,NA,-26.6481,15.1594,77.36,53,1,13.58,clear sky
113,Hilo,US,19.7297,-155.09,66.2,72,90,7.99,light rain
114,Ponta Do Sol,PT,32.6667,-17.1,69.01,60,50,3.0,scattered clouds
115,Te Anau,NZ,-45.4167,167.7167,47.16,91,100,1.54,overcast clouds
116,Klaksvik,FO,62.2266,-6.589,33.8,64,75,25.32,light snow
117,Labrea,BR,-7.2586,-64.7981,85.84,68,100,1.52,overcast clouds
118,Shelabolikha,RU,53.4131,82.6167,35.6,60,0,6.71,clear sky
119,Mount Gambier,AU,-37.8333,140.7667,51.8,93,90,8.05,overcast clouds
120,Yakeshi,CN,49.2833,120.7333,43.18,43,1,6.8,clear sky
121,Coihaique,CL,-45.5752,-72.0662,48.2,81,20,4.61,few clouds
122,Portales,US,34.1862,-103.3344,69.01,21,1,12.66,clear sky
123,Katsuura,JP,35.1333,140.3,48.99,52,100,10.0,overcast clouds
124,Yerbogachen,RU,61.2767,108.0108,4.21,97,97,4.25,overcast clouds
125,Prince Albert,CA,53.2001,-105.7677,28.4,74,1,10.36,clear sky
126,Liverpool,GB,53.4106,-2.9779,51.8,40,51,11.5,broken clouds
127,Severo-Kurilsk,RU,50.6789,156.125,30.47,88,96,6.71,overcast clouds
128,Thoen,TH,17.6129,99.2161,84.99,66,93,1.01,light rain
129,Durango,MX,24.8333,-104.8333,66.99,29,0,4.45,clear sky
130,Maniitsoq,GL,65.4167,-52.9,32.05,98,100,23.47,snow
131,Dikson,RU,73.5069,80.5464,15.22,57,100,22.97,overcast clouds
132,Makubetsu,JP,45.3714,141.8211,32.63,75,73,11.63,broken clouds
133,Nikolskoye,RU,59.7035,30.7861,42.8,65,40,24.61,light rain
134,Chokurdakh,RU,70.6333,147.9167,-1.71,95,100,12.1,overcast clouds
135,Bulgan,MN,48.8125,103.5347,36.59,64,100,8.86,overcast clouds
136,Cabedelo,BR,-6.9811,-34.8339,86.0,70,75,17.27,broken clouds
137,Jiaohe,CN,43.7286,127.3447,38.05,35,4,1.41,clear sky
138,Mehamn,NO,71.0357,27.8492,32.0,74,40,17.27,snow
139,Laguna,US,38.421,-121.4238,53.01,81,1,6.91,clear sky
140,Qobustan,AZ,40.0824,49.412,55.4,76,0,18.41,clear sky
141,Clyde River,CA,70.4692,-68.5914,12.2,73,40,12.66,scattered clouds
142,Sinnamary,GF,5.3833,-52.95,74.41,96,100,11.25,light rain
143,Pogranichnyy,RU,44.4064,131.3769,36.41,51,0,2.98,clear sky
144,Alice Springs,AU,-23.7,133.8833,62.6,59,18,4.61,few clouds
145,Grand-Santi,GF,4.25,-54.3833,77.63,88,98,5.19,overcast clouds
146,Half Moon Bay,US,37.4636,-122.4286,50.0,81,90,12.66,haze
147,Gwadar,PK,25.1216,62.3254,79.83,73,0,11.95,clear sky
148,Bambous Virieux,MU,-20.3428,57.7575,78.01,94,75,12.66,light rain
149,Hohhot,CN,40.8106,111.6522,50.0,57,0,4.47,clear sky
150,Norman Wells,CA,65.282,-126.8329,-7.6,77,90,19.57,snow
151,Stornoway,GB,58.2093,-6.3865,39.99,70,40,17.27,scattered clouds
152,Gorodishche,RU,48.8045,44.4744,39.2,87,90,24.61,overcast clouds
153,Torbay,CA,47.6666,-52.7314,39.2,100,90,16.11,moderate rain
154,Lekoni,GA,-1.5843,14.2591,83.7,51,98,6.51,overcast clouds
155,Urusha,RU,54.05,122.9,25.32,96,97,5.66,overcast clouds
156,Kysyl-Syr,RU,63.8986,122.7617,5.45,96,92,5.86,overcast clouds
157,Pangnirtung,CA,66.1451,-65.7125,17.6,93,90,4.61,light snow
158,Shelui,TZ,-4.3667,34.2,76.37,71,39,3.98,light rain
159,Atkarsk,RU,51.8718,45.0078,37.31,91,100,11.7,overcast clouds
160,Zolotyy Potik,UA,48.9095,25.3393,53.6,22,0,13.42,clear sky
161,Udachnyy,RU,66.4167,112.4,-6.36,98,100,11.56,overcast clouds
162,Grand Island,US,40.925,-98.342,53.6,50,1,17.27,clear sky
163,Yanji,CN,42.9075,129.5078,38.82,39,0,1.61,clear sky
164,Rodeo,US,38.033,-122.2669,50.0,76,1,11.5,clear sky
165,La Ferte-Bernard,FR,48.1863,0.6536,64.99,55,77,6.91,broken clouds
166,Havelock,US,34.8791,-76.9013,75.99,68,20,8.05,few clouds
167,Marzuq,YE,14.4,46.4667,77.38,21,1,14.34,clear sky
168,Tianpeng,CN,30.9866,103.9393,57.99,1,100,5.28,light rain
169,Conil,FR,44.9673,3.7177,40.57,78,100,12.24,overcast clouds
170,Mohacs,HU,45.9931,18.6831,59.0,29,0,9.22,clear sky
171,Ellisras,ZA,-23.6649,27.7443,88.68,18,14,8.1,few clouds
172,Monteagudo,BO,-19.8167,-63.9833,77.0,78,75,5.75,broken clouds
173,Deniliquin,AU,-35.5333,144.9667,51.01,78,53,5.57,broken clouds
174,Cayenne,GF,4.9333,-52.3333,77.0,94,75,4.61,heavy intensity rain
175,Georgetown,MY,5.4112,100.3354,86.0,79,20,6.91,few clouds
176,Fairbanks,US,64.8378,-147.7164,-11.2,64,90,5.75,overcast clouds
177,Shingu,JP,33.7333,135.9833,39.99,70,1,7.99,clear sky
178,Cherskiy,RU,68.75,161.3,-6.0,85,100,4.29,overcast clouds
179,Bengkulu,ID,-3.8004,102.2655,77.2,89,85,5.73,overcast clouds
180,Andenes,NO,69.3143,16.1194,33.8,47,0,5.75,clear sky
181,Tucano,BR,-10.9631,-38.7867,90.12,39,78,8.5,broken clouds
182,Aizkraukle,LV,56.6048,25.2553,42.01,72,100,8.99,overcast clouds
183,Pahrump,US,36.2083,-115.9839,64.0,16,0,2.24,clear sky
184,Itoman,JP,26.1247,127.6694,71.6,68,75,11.5,broken clouds
185,Kasungu,MW,-13.0333,33.4833,69.21,79,97,4.56,overcast clouds
186,Iskateley,RU,67.6803,53.1512,35.55,74,100,22.08,overcast clouds
187,Chernomorskiy,RU,44.8506,38.4936,41.0,87,75,13.42,light rain
188,Hualmay,PE,-11.0964,-77.6139,71.53,81,82,5.88,broken clouds
189,Namibe,AO,-15.1961,12.1522,87.8,62,40,13.8,scattered clouds
190,Dzierzoniow,PL,50.7282,16.6514,50.0,48,99,14.2,overcast clouds
191,Amapa,BR,1.0,-52.0,75.2,96,100,4.94,overcast clouds
192,Nuuk,GL,64.1835,-51.7216,35.6,87,75,17.27,light snow
193,Sao Miguel Do Araguaia,BR,-13.275,-50.1628,72.84,82,100,4.29,overcast clouds
194,Lata,PT,40.1629,-8.3327,66.0,82,98,8.99,light rain
195,Laiyang,CN,36.9758,120.7136,48.99,65,99,5.57,overcast clouds
196,Hasaki,JP,35.7333,140.8333,43.0,75,75,8.05,broken clouds
197,Sigli,ID,5.3848,95.9609,81.19,78,100,1.3,light rain
198,Rovaniemi,FI,66.5,25.7167,30.2,86,90,14.97,snow
199,Manokwari,ID,-0.8667,134.0833,79.83,82,100,8.52,moderate rain
200,Vao,NC,-22.6667,167.4833,77.58,87,90,21.56,overcast clouds
201,Bukachacha,RU,52.9833,116.9167,36.1,96,100,3.53,overcast clouds
202,Viedma,AR,-40.8135,-62.9967,70.92,31,4,8.43,clear sky
203,Sao Filipe,CV,14.8961,-24.4956,77.76,56,0,12.95,clear sky
204,Santiago De Chuco,PE,-8.15,-78.1833,59.72,63,77,3.04,light rain
205,Garissa,KE,-0.4536,39.6401,93.47,38,47,7.52,scattered clouds
206,Oranjemund,NA,-28.55,16.4333,69.17,64,10,13.04,clear sky
207,Tocopilla,CL,-22.092,-70.1979,70.9,67,100,7.92,overcast clouds
208,Upernavik,GL,72.7868,-56.1549,30.18,93,100,13.56,overcast clouds
209,Christchurch,NZ,-43.5333,172.6333,62.01,67,100,5.75,overcast clouds
210,Plettenberg Bay,ZA,-34.0527,23.3716,66.25,72,92,2.77,overcast clouds
211,Turukhansk,RU,65.8167,87.9833,17.69,96,82,4.14,broken clouds
212,Cidreira,BR,-30.1811,-50.2056,79.93,57,8,9.08,clear sky
213,Saint Anthony,US,45.0205,-93.218,51.01,87,90,4.61,moderate rain
214,Plymouth,US,41.8334,-70.8328,62.01,62,1,4.61,clear sky
215,Pritzwalk,DE,53.1494,12.1741,55.0,52,100,7.0,overcast clouds
216,Jutai,BR,-5.1833,-68.9,84.88,68,100,1.34,overcast clouds
217,Kieta,PG,-6.2167,155.6333,79.03,88,100,9.64,light rain
218,Saskylakh,RU,71.9167,114.0833,-20.31,100,96,4.97,overcast clouds
219,Kortkeros,RU,61.8106,51.5806,42.8,45,40,8.95,scattered clouds
220,Guerrero Negro,MX,27.9769,-114.0611,62.35,74,9,17.11,clear sky
221,Fortuna,US,40.5982,-124.1573,46.99,87,75,6.91,broken clouds
222,Vigrestad,NO,58.5667,5.7,41.0,82,100,8.99,overcast clouds
223,Ancud,CL,-41.8697,-73.8203,53.6,76,20,8.05,few clouds
224,Kristiansund,NO,63.1115,7.732,33.8,80,75,19.57,snow
225,Lindsay,US,36.203,-119.0882,55.4,50,1,4.61,clear sky
226,Provideniya,RU,64.3833,-173.3,-3.84,99,99,7.96,overcast clouds
227,Pangody,RU,65.85,74.4859,31.21,92,91,20.24,overcast clouds
228,Sorong,ID,-0.8833,131.25,79.9,80,100,3.02,overcast clouds
229,Kampar,MY,4.3,101.15,84.0,78,20,2.3,few clouds
230,Vila Franca Do Campo,PT,37.7167,-25.4333,62.6,82,75,5.75,broken clouds
231,Sitka,US,57.0531,-135.33,32.0,93,90,10.36,snow
232,Ahipara,NZ,-35.1667,173.1667,66.33,86,100,19.55,overcast clouds
233,Shimoda,JP,34.6667,138.95,41.0,70,50,3.0,scattered clouds
234,San Luis,AR,-33.295,-66.3356,61.14,90,100,15.05,overcast clouds
235,Robe,AU,-37.1833,139.75,59.74,70,100,16.62,overcast clouds
236,Roald,NO,62.5833,6.1333,35.01,86,75,14.97,light snow
237,Saint-Pierre,RE,-21.3393,55.4781,82.4,65,75,2.3,light rain
238,Bonaventure,CA,48.0457,-65.4926,51.8,58,87,5.75,overcast clouds
239,Konstantinovka,RU,49.6167,127.9833,40.75,43,10,7.63,clear sky
240,Monrovia,LR,6.3005,-10.7969,93.2,62,75,13.8,broken clouds
241,Komsomolskiy,UZ,40.4272,71.7189,68.0,17,1,2.3,clear sky
242,Luganville,VU,-15.5333,167.1667,77.31,86,98,4.27,overcast clouds
243,Serzhen-Yurt,RU,43.1227,45.9858,55.4,67,40,15.66,scattered clouds
244,Totma,RU,59.9747,42.7642,36.37,74,15,7.87,few clouds
245,Lethem,GY,3.3803,-59.7968,76.62,84,100,1.32,overcast clouds
246,Taupo,NZ,-38.6833,176.0833,59.0,84,100,5.01,moderate rain
247,Vilkaviskis,LT,54.6517,23.0322,46.42,54,100,18.79,overcast clouds
248,Lavrentiya,RU,65.5833,-171.0,-17.99,99,95,4.21,overcast clouds
249,Iqaluit,CA,63.7506,-68.5145,17.6,79,75,17.27,snow
250,Galich,RU,58.3797,42.3475,37.51,73,14,6.17,few clouds
251,Abilene,US,32.4487,-99.7331,77.0,40,1,14.97,clear sky
252,Mahebourg,MU,-20.4081,57.7,77.0,94,75,12.66,light rain
253,Longyearbyen,SJ,78.2186,15.6401,32.0,69,75,13.8,broken clouds
254,Ambon,ID,-3.6954,128.1814,77.0,88,40,5.75,scattered clouds
255,Talcahuano,CL,-36.7167,-73.1167,57.2,77,0,10.36,clear sky
256,Mul,IN,20.0667,79.6667,90.23,26,88,6.02,overcast clouds
257,Poum,NC,-20.2333,164.0167,78.66,85,100,16.84,overcast clouds
258,Mimongo,GA,-1.6195,11.6068,84.67,61,49,0.89,light rain
259,Bloomfield,US,40.8068,-74.1854,60.01,62,1,3.44,clear sky
260,La Cruz,MX,23.9167,-106.9,72.0,88,0,1.01,clear sky
261,Ternate,ID,0.8,127.4,81.61,71,90,2.75,overcast clouds
262,Tsiroanomandidy,MG,-18.7667,46.0333,70.54,80,100,4.29,light rain
263,Solvychegodsk,RU,61.3305,46.9156,36.81,80,45,6.78,scattered clouds
264,Micomeseng,GQ,2.1462,10.6164,77.65,86,100,3.29,light rain
265,Carnarvon,AU,-24.8667,113.6333,78.8,89,90,5.75,overcast clouds
266,Filadelfia,US,39.9523,-75.1638,57.0,71,90,8.05,overcast clouds
267,Praxedis Guerrero,MX,31.3667,-106.0167,73.0,18,20,16.11,few clouds
268,Kodinsk,RU,58.6881,99.1844,22.06,86,79,3.44,broken clouds
269,Tual,ID,-5.6667,132.75,83.28,72,36,9.01,scattered clouds
270,Acarau,BR,-2.8856,-40.12,86.38,61,59,16.82,broken clouds
271,Touros,BR,-5.1989,-35.4608,87.8,58,40,13.8,light rain
272,Aswan,EG,24.0934,32.907,92.43,8,25,21.07,scattered clouds
273,Kutum,SD,14.2,24.6667,89.92,4,14,14.14,few clouds
274,Wasilla,US,61.5814,-149.4394,1.4,46,1,5.75,clear sky
275,Spirit River,CA,55.7833,-118.8361,36.0,64,98,10.36,overcast clouds
276,Sechura,PE,-5.5569,-80.8222,75.79,70,82,6.6,broken clouds
277,Alofi,NU,-19.0595,-169.9187,73.4,94,76,1.14,broken clouds
278,Edd,ER,13.9297,41.6925,92.57,32,2,25.12,clear sky
279,Pakala,IN,13.4667,79.1167,87.8,55,20,4.61,few clouds
280,Bethel,US,41.3712,-73.414,57.99,62,1,3.44,clear sky
281,Alta Floresta,BR,-9.8756,-56.0861,86.0,70,75,6.91,broken clouds
282,Ilulissat,GL,69.2167,-51.1,33.8,86,90,9.22,snow
283,Narsaq,GL,60.9167,-46.05,41.0,56,75,4.61,broken clouds
284,Ambilobe,MG,-13.2,49.05,77.22,87,40,1.81,light rain
285,Biak,ID,-0.9131,122.8766,76.82,85,100,2.95,overcast clouds
286,Forest Grove,US,45.5198,-123.1107,37.0,93,1,0.4,clear sky
287,Port Hedland,AU,-20.3167,118.5667,86.0,74,90,12.66,overcast clouds
288,Sapa,PH,5.1544,120.3241,80.69,76,100,2.57,overcast clouds
289,Victoria,HK,22.2855,114.1577,71.01,78,61,1.99,broken clouds
290,Zverinogolovskoye,RU,54.4586,64.8542,33.42,99,100,1.99,overcast clouds
291,Kahului,US,20.8947,-156.47,66.2,82,1,4.61,clear sky
292,Youghal,IE,51.95,-7.8506,48.99,87,75,9.22,light rain
293,Esperance,AU,-33.8667,121.9,59.0,82,90,3.44,overcast clouds
294,Bowen,AU,-20.0167,148.2333,73.4,88,72,7.58,broken clouds
295,Mayumba,GA,-3.432,10.6554,82.67,80,47,8.9,light rain
296,Vanimo,PG,-2.6741,141.3028,79.86,85,100,9.57,overcast clouds
297,Katubao,PH,5.8892,124.8294,80.24,79,62,1.79,broken clouds
298,Mizdah,LY,31.4451,12.9801,64.42,45,7,14.74,clear sky
299,Hobyo,SO,5.3505,48.5268,83.08,63,9,14.61,clear sky
300,Kavieng,PG,-2.5744,150.7967,82.31,73,98,6.64,overcast clouds
301,Deputatskiy,RU,69.3,139.9,-17.97,99,90,1.45,overcast clouds
302,Vardo,NO,70.3705,31.1107,28.4,80,0,21.85,clear sky
303,Padang,ID,-0.9492,100.3543,78.8,94,40,1.14,moderate rain
304,Tachov,CZ,49.7953,12.6337,53.01,45,100,8.99,overcast clouds
305,Kholodnyy,RU,62.7167,147.95,-8.37,99,73,4.59,broken clouds
306,Agadez,NE,19.75,10.25,100.17,3,46,6.91,scattered clouds
307,Batemans Bay,AU,-35.7167,150.1833,57.99,71,99,4.0,overcast clouds
308,Mantua,IT,45.1667,10.7833,64.0,46,86,5.99,overcast clouds
309,Yanam,IN,16.7333,82.2167,84.2,65,20,5.75,few clouds
310,Dvinskoy,RU,62.1535,45.1175,36.19,78,92,7.38,overcast clouds
311,Sioux Lookout,CA,50.1001,-91.917,37.4,100,90,2.3,mist
312,Olinda,BR,-8.0089,-34.8553,84.2,61,75,18.41,broken clouds
313,Olafsvik,IS,64.8945,-23.7142,33.22,91,95,6.2,snow
314,Egvekinot,RU,66.3167,-179.1667,-13.02,92,100,4.12,overcast clouds
315,Seddon,AU,-37.8068,144.8916,57.99,71,90,8.05,overcast clouds
316,Svetlogorsk,BY,52.6333,29.7333,47.48,50,87,8.84,overcast clouds
317,Flinders,AU,-34.5833,150.8552,62.01,88,75,4.61,broken clouds
318,Burnie,AU,-41.0667,145.9167,48.0,81,97,1.99,overcast clouds
319,Warangal,IN,18.0,79.5833,87.19,32,35,5.86,scattered clouds
320,Havoysund,NO,70.9963,24.6622,30.2,93,90,12.66,snow
321,Pisco,PE,-13.7,-76.2167,71.6,68,20,4.61,few clouds
322,Tigil,RU,57.8,158.6667,20.89,84,100,11.05,overcast clouds
323,Kavaratti,IN,10.5669,72.642,83.16,70,11,8.79,few clouds
324,Manjakandriana,MG,-18.9167,47.8,71.6,64,20,11.5,few clouds
325,Butaritari,KI,3.0707,172.7902,82.11,78,94,17.34,light rain
326,Libertador General San Martin,AR,-23.8064,-64.7876,84.0,76,97,2.1,overcast clouds
327,Thompson,CA,55.7435,-97.8558,32.0,80,75,4.61,broken clouds
328,Basco,PH,20.4487,121.9702,75.16,72,7,20.07,clear sky
329,Yatou,CN,37.15,122.3833,45.19,47,30,3.29,scattered clouds
330,Petropavlovsk-Kamchatskiy,RU,53.0452,158.6483,33.8,75,100,11.18,overcast clouds
331,Hamburg,DE,53.55,10.0,45.0,87,75,14.97,light rain
332,Rudnaya Pristan,RU,44.3614,135.8116,34.97,69,100,7.2,overcast clouds
333,Korla,CN,41.7597,86.1469,58.87,40,30,4.5,scattered clouds
334,Chateaubelair,VC,13.2833,-61.25,80.6,89,40,6.91,volcanic ash
335,Grindavik,IS,63.8424,-22.4338,30.2,93,75,3.44,snow
336,Teya,RU,60.3778,92.6267,17.76,97,78,1.79,broken clouds
337,San Quintin,MX,30.4833,-115.95,59.7,79,49,13.49,scattered clouds
338,Yumen,CN,40.2833,97.2,55.8,23,82,5.93,broken clouds
339,Florianopolis,BR,-27.6146,-48.5012,80.01,69,20,17.27,few clouds
340,Eureka,US,40.8021,-124.1637,46.99,81,99,5.97,overcast clouds
341,Noumea,NC,-22.2763,166.4572,79.0,88,0,1.14,clear sky
342,Rio Gallegos,AR,-51.6226,-69.2181,51.8,46,0,14.97,clear sky
343,Vila Velha,BR,-20.3297,-40.2925,82.4,51,40,9.22,scattered clouds
344,Tsabong,BW,-26.0217,22.401,86.14,21,0,3.24,clear sky
345,Chopda,IN,21.25,75.3,95.07,14,0,6.96,clear sky
346,Cooma,AU,-36.2333,149.1333,46.4,93,90,5.75,overcast clouds
347,Bandarbeyla,SO,9.4942,50.8122,80.15,56,5,10.42,clear sky
348,Central Point,US,42.376,-122.9164,37.99,80,1,0.49,clear sky
349,Sal Rei,CV,16.1833,-22.9167,77.0,65,20,20.71,few clouds
350,Micheweni,TZ,-4.9667,39.8333,82.15,74,38,11.88,scattered clouds
351,Kruisfontein,ZA,-34.0033,24.7314,71.01,65,89,1.99,overcast clouds
352,Dhandhuka,IN,22.3667,71.9833,92.23,19,0,9.95,clear sky
353,Pochutla,MX,15.7432,-96.4661,84.99,54,0,8.99,clear sky
354,El Prat De Llobregat,ES,41.3278,2.0947,57.2,72,40,11.5,scattered clouds
355,Codrington,AU,-38.2667,141.9667,55.8,73,100,9.75,overcast clouds
356,Tuatapere,NZ,-46.1333,167.6833,46.99,85,98,3.0,overcast clouds
357,Balakhninskiy,RU,58.0106,114.2769,11.39,95,55,4.16,broken clouds
358,Nemuro,JP,43.3236,145.575,31.23,72,100,16.02,overcast clouds
359,Saryozek,KZ,44.3583,77.9753,51.35,58,65,5.35,broken clouds
360,Zaltan,LY,32.947,11.8665,63.07,58,3,23.62,clear sky
361,Hamilton,US,39.1834,-84.5333,68.0,59,1,13.8,clear sky
362,Nianzishan,CN,47.5167,122.8833,49.93,24,57,13.67,broken clouds
363,Montlucon,FR,46.3333,2.6,66.99,51,100,5.01,overcast clouds
364,Hovd,MN,48.0056,91.6419,43.86,33,8,9.35,clear sky
365,Los Llanos De Aridane,ES,28.6585,-17.9182,71.6,68,75,5.75,broken clouds
366,Toila,EE,59.4236,27.5025,40.23,73,100,27.92,overcast clouds
367,Luau,AO,-10.7073,22.2247,72.81,69,100,5.48,overcast clouds
368,Alexandria,EG,31.2156,29.9553,59.0,63,40,13.8,scattered clouds
369,Mogadishu,SO,2.0371,45.3438,86.0,66,75,10.36,broken clouds
370,Adrar,MR,20.5022,-10.0711,95.95,9,1,1.21,clear sky
371,Ketchikan,US,55.3422,-131.6461,35.6,100,90,9.22,light rain
372,Synya,RU,65.3718,58.0387,36.77,81,89,14.0,overcast clouds
373,Richards Bay,ZA,-28.783,32.0377,75.58,71,6,5.91,clear sky
374,Brownwood,US,31.7093,-98.9912,69.8,73,1,11.5,clear sky
375,Takoradi,GH,4.8845,-1.7554,85.82,69,89,10.69,light rain
376,Kismayo,SO,-0.3582,42.5454,83.37,72,30,10.27,light rain
377,Wanaka,NZ,-44.7,169.15,50.0,77,100,0.6,overcast clouds
378,Calvinia,ZA,-31.4707,19.776,84.29,18,98,12.93,overcast clouds
379,Port Moresby,PG,-9.4431,147.1797,75.2,100,75,5.75,haze
380,Vavoua,CI,7.3819,-6.4778,99.68,28,69,7.45,broken clouds
381,Nouadhibou,MR,20.931,-17.0347,75.2,57,0,19.57,clear sky
382,Howard Springs,AU,-12.497,131.047,75.2,94,75,5.75,broken clouds
383,Cabo San Lucas,MX,22.8909,-109.9124,80.6,24,1,1.86,clear sky
384,Isangel,VU,-19.55,169.2667,78.17,84,100,4.94,overcast clouds
385,Boma,GH,7.0805,-2.1697,94.33,44,100,6.17,overcast clouds
386,Kemijarvi,FI,66.7131,27.4306,32.29,76,98,11.7,light snow
387,Kaeo,NZ,-35.1,173.7833,66.99,89,97,10.0,overcast clouds
388,Bara,NG,10.3744,10.7288,104.0,11,0,11.5,clear sky
389,Waipawa,NZ,-41.4122,175.5153,62.6,77,20,11.5,few clouds
390,Hastings,GB,50.8552,0.5729,54.0,60,95,5.01,overcast clouds
391,Mar Del Plata,AR,-38.0023,-57.5575,68.0,77,20,13.8,few clouds
392,Ratnagiri,IN,16.9833,73.3,80.65,78,4,5.17,clear sky
393,Codajas,BR,-3.8367,-62.0569,90.97,52,100,2.75,overcast clouds
394,Margate,GB,51.3813,1.3862,53.01,58,85,4.0,overcast clouds
395,Changli,CN,39.7042,119.1506,45.64,54,2,5.46,clear sky
396,Kloulklubed,PW,7.0419,134.2556,77.0,94,75,9.31,broken clouds
397,Broome,US,42.2506,-75.833,60.01,54,90,9.22,overcast clouds
398,Metapan,SV,14.3333,-89.45,77.0,88,40,3.69,scattered clouds
399,Aquiraz,BR,-3.9014,-38.3911,89.6,51,20,21.85,few clouds
400,Trelew,AR,-43.249,-65.3051,57.67,65,43,14.94,scattered clouds
401,Mykolayivka,UA,47.5414,30.7561,49.46,38,94,9.4,overcast clouds
402,Tarakan,ID,3.3,117.6333,80.65,79,57,7.0,broken clouds
403,Araouane,ML,18.9048,-3.5265,102.51,6,0,8.03,clear sky
404,Pevek,RU,69.7008,170.3133,-20.22,93,40,1.9,scattered clouds
405,Berezovyy,RU,51.6667,135.7,25.12,90,5,4.54,clear sky
406,Jiexiu,CN,37.0244,111.9125,53.71,50,23,4.99,few clouds
407,Bosaso,SO,11.2842,49.1816,82.4,74,20,13.8,few clouds
408,Bubaque,GW,11.2833,-15.8333,77.5,71,4,11.01,clear sky
409,Meulaboh,ID,4.1363,96.1285,80.08,83,100,5.91,overcast clouds
410,Saint George,US,37.1041,-113.5841,60.8,20,1,8.05,clear sky
411,Goundam,ML,16.4145,-3.6708,105.67,4,0,9.57,clear sky
412,Shizunai,JP,42.3339,142.3669,34.11,72,99,16.22,overcast clouds
413,Puerto Penasco,MX,31.3167,-113.5333,68.0,45,8,1.01,clear sky
414,Qaqortoq,GL,60.7167,-46.0333,41.0,56,75,4.61,broken clouds
415,Huntsville,US,34.7304,-86.5861,72.0,58,68,8.14,broken clouds
416,Saint-Francois,FR,46.4154,3.9054,66.2,39,0,13.8,clear sky
417,Senneterre,CA,48.3835,-77.2328,59.0,55,20,14.97,few clouds
418,Tonj,SS,7.2737,28.6822,102.81,15,27,7.43,scattered clouds
419,Umm Lajj,SA,25.0213,37.2685,76.42,58,0,14.81,clear sky
420,Douentza,ML,14.9951,-2.9517,105.85,5,0,10.18,clear sky
421,Twentynine Palms,US,34.1356,-116.0542,66.0,16,1,10.36,clear sky
422,Svetlyy,RU,54.675,20.1347,50.0,43,0,20.13,clear sky
423,Tomatlan,MX,19.9333,-105.25,77.77,44,6,1.01,clear sky
424,Caravelas,BR,-17.7125,-39.2481,82.24,54,59,12.41,broken clouds
425,Buala,SB,-8.145,159.5921,75.33,93,100,5.19,heavy intensity rain
426,Joao Pinheiro,BR,-17.7425,-46.1725,77.72,48,13,9.31,few clouds
427,Umm Kaddadah,SD,13.6017,26.6876,95.88,3,97,17.43,overcast clouds
428,Ucluelet,CA,48.9329,-125.5528,43.0,81,90,12.66,overcast clouds
429,Nushki,PK,29.5542,66.0215,77.43,8,6,4.83,clear sky
430,Pueblo Nuevo Vinas,GT,14.2258,-90.4742,84.2,64,0,4.61,clear sky
431,Hambantota,LK,6.1241,81.1185,80.6,94,20,3.44,few clouds
432,Trairi,BR,-3.2778,-39.2689,86.5,61,49,14.74,scattered clouds
433,Leningradskiy,RU,69.3833,178.4167,-21.75,96,31,4.99,scattered clouds
434,Dir,PK,35.2058,71.8756,55.35,45,75,3.91,broken clouds
435,Urdoma,RU,61.7533,48.5442,35.67,86,78,5.99,light rain
436,Mandurah,AU,-32.55,115.7,66.0,69,0,1.01,clear sky
437,Iracoubo,GF,5.4802,-53.2011,74.21,95,100,10.8,overcast clouds
438,Grand Gaube,MU,-20.0064,57.6608,78.01,81,99,7.0,light rain
439,Kiama,AU,-34.6833,150.8667,66.99,88,75,4.61,broken clouds
440,Aklavik,CA,68.2191,-135.0107,-18.4,69,75,14.97,snow
441,Oskemen,KZ,49.9565,82.6119,41.0,70,39,6.71,scattered clouds
442,Fredonia,US,42.4401,-79.3317,64.99,63,90,12.66,overcast clouds
443,Riberalta,BO,-10.9833,-66.1,82.4,83,75,1.9,broken clouds
444,Port-Gentil,GA,-0.7193,8.7815,89.6,66,40,6.91,scattered clouds
445,San Blas,MX,21.5167,-105.2667,53.6,87,1,2.82,clear sky
446,Lawrenceburg,US,38.0373,-84.8966,70.0,52,1,12.66,clear sky
447,Bilma,NE,18.6853,12.9164,101.68,3,41,13.13,scattered clouds
448,Nome,US,64.5011,-165.4064,-18.4,76,1,4.45,clear sky
449,Pathein,MM,16.7833,94.7333,79.3,72,0,6.02,clear sky
450,Pacific Grove,US,36.6177,-121.9166,51.8,76,75,6.91,broken clouds
451,Mgandu,TZ,-5.95,34.1333,66.99,84,96,4.65,light rain
452,Arinos,BR,-15.9169,-46.1056,79.2,50,100,7.92,overcast clouds
453,Gat,IL,31.61,34.7642,69.01,44,4,1.01,clear sky
454,Boa Vista,BR,2.8197,-60.6733,78.8,78,75,5.75,light rain
455,Taldan,RU,53.6667,124.8,22.51,97,100,4.59,overcast clouds
456,Tongliao,CN,43.6125,122.2653,46.99,25,17,10.87,few clouds
457,Arman,RU,59.7,150.1667,7.29,79,3,8.88,clear sky
458,La Grande,US,45.3246,-118.0877,35.01,79,1,6.89,clear sky
459,Klyuchi,RU,52.2667,79.1667,35.17,85,3,13.89,clear sky
460,Vangaindrano,MG,-23.35,47.6,75.07,86,99,4.36,overcast clouds
461,Seoul,KR,37.5683,126.9778,53.6,54,0,8.05,clear sky
462,Abalak,RU,58.1286,68.5944,34.72,91,100,4.92,overcast clouds
463,Kanlagay,PH,5.8757,121.2915,81.43,75,41,4.56,scattered clouds
464,Singkawang,ID,0.9,109.0,76.86,78,14,4.81,few clouds
465,Krasnoselkup,RU,65.7,82.4667,30.4,95,100,7.16,overcast clouds
466,Ewa Beach,US,21.3156,-158.0072,66.2,77,40,3.44,scattered clouds
467,Sao Joao Da Ponte,BR,-15.9292,-44.0078,81.75,39,87,13.13,overcast clouds
468,Santa Vitoria Do Palmar,BR,-33.5189,-53.3681,74.91,67,100,3.04,overcast clouds
469,Dingle,PH,10.9995,122.6711,76.35,81,55,5.68,light rain
470,Yar-Sale,RU,66.8333,70.8333,34.07,91,100,20.87,overcast clouds
471,Usinsk,RU,65.9939,57.5281,36.54,78,91,24.27,overcast clouds
472,Kawalu,ID,-7.3817,108.2082,73.83,93,50,2.21,scattered clouds
473,Xiaoshi,CN,41.2971,124.1209,46.4,31,0,4.47,clear sky
474,Ler,SS,8.3018,30.1418,104.72,13,12,2.71,few clouds
475,Akdepe,TM,42.0551,59.3788,80.6,27,0,13.8,clear sky
476,Shaowu,CN,27.3409,117.4831,60.12,87,100,1.01,overcast clouds
477,Leeton,AU,-34.5667,146.4,53.6,66,74,6.91,broken clouds
478,Jam Sahib,PK,26.2958,68.6292,93.2,31,0,4.61,haze
479,San Ignacio,BZ,17.1561,-89.0714,84.0,83,0,6.91,clear sky
480,Baijiantan,CN,45.6333,85.1833,61.97,33,89,10.6,overcast clouds
481,Novyy Urengoy,RU,66.0833,76.6333,31.05,92,61,18.23,broken clouds
482,Mazatlan,MX,23.2167,-106.4167,77.0,73,75,4.23,broken clouds
483,Buraydah,SA,26.326,43.975,96.8,20,75,4.61,broken clouds
484,Tabou,CI,4.423,-7.3528,84.18,75,70,8.81,light rain
485,Okhotsk,RU,59.3833,143.3,7.79,86,22,4.94,few clouds
486,Dongsheng,CN,39.8161,109.9776,46.83,69,33,11.83,scattered clouds
487,Beloha,MG,-25.1667,45.05,77.32,69,100,11.81,overcast clouds
488,Mahajanga,MG,-15.7167,46.3167,87.8,66,20,3.44,few clouds
489,Port-Cartier,CA,50.0334,-66.8654,50.0,66,100,5.75,overcast clouds
490,Jacareacanga,BR,-6.2222,-57.7528,87.8,70,20,5.75,few clouds
491,Kijang,KR,35.2442,129.2139,48.2,57,20,11.5,few clouds
492,Zwedru,LR,6.0667,-8.1281,90.25,54,98,1.25,overcast clouds
493,Letlhakeng,BW,-24.0944,25.0298,84.69,22,1,9.78,clear sky
494,Auki,SB,-8.7676,160.7034,76.59,87,100,4.68,overcast clouds
495,La Ronge,CA,55.1001,-105.2842,24.8,74,16,6.91,few clouds
496,Noshiro,JP,40.2039,140.0242,40.26,65,96,12.66,overcast clouds
497,Chico,US,39.7285,-121.8375,53.01,50,20,6.91,few clouds
498,Denpasar,ID,-8.65,115.2167,82.4,89,20,3.44,few clouds
499,Numan,NG,9.4667,12.0333,108.61,8,100,3.31,overcast clouds
500,Najran,SA,17.4924,44.1277,93.2,10,0,9.22,clear sky
501,Ust-Omchug,RU,61.15,149.6333,-12.75,99,50,2.55,scattered clouds
502,Pemangkat,ID,1.1667,108.9667,79.0,75,7,7.29,clear sky
503,Krasnoarmeysk,RU,51.0239,45.6969,34.0,96,100,14.0,moderate rain
504,Churapcha,RU,62.0025,132.4325,18.72,97,100,3.74,overcast clouds
505,Ranong,TH,9.9658,98.6348,79.14,82,7,2.68,clear sky
506,Sakakah,SA,29.9697,40.2064,89.6,9,0,13.8,clear sky
507,Eisenerz,AT,47.5333,14.8833,57.2,30,75,11.5,broken clouds
508,Axim,GH,4.8699,-2.2405,85.95,70,79,9.1,light rain
509,Idrinskoye,RU,54.3708,92.1358,27.77,95,26,4.9,scattered clouds
510,Les Cayes,HT,18.2,-73.75,81.19,70,86,8.12,overcast clouds
511,Tura,IN,25.5198,90.2201,72.82,59,100,5.17,overcast clouds
512,Rudnogorsk,RU,57.2639,103.7519,18.73,86,11,5.82,few clouds
513,Koraput,IN,18.8167,82.7167,75.96,48,87,2.75,overcast clouds
514,Beni Suef,EG,29.0731,31.0979,77.4,25,0,21.45,clear sky
515,East Wenatchee Bench,US,47.4257,-120.2812,39.99,56,1,2.13,clear sky
516,Villazon,BO,-22.0866,-65.5942,58.33,53,92,4.61,overcast clouds
517,Vestmannaeyjar,IS,63.4427,-20.2734,30.13,58,3,16.06,clear sky
518,Balkhash,KZ,46.844,74.9804,52.11,48,14,5.17,few clouds
519,Bayir,TR,37.2687,28.2167,55.4,28,20,23.02,few clouds
520,Ray,IN,23.6833,85.05,66.2,94,90,4.61,overcast clouds
521,Klichka,RU,50.4457,117.996,46.27,32,54,6.8,broken clouds
522,Miri,MY,4.4148,114.0089,80.6,89,40,2.3,scattered clouds
523,Teahupoo,PF,-17.8333,-149.2667,77.0,73,75,9.91,light rain
524,Ixtapa,MX,20.7,-105.2,77.0,78,1,3.02,clear sky
525,Itaituba,BR,-4.2761,-55.9836,86.0,70,40,11.5,scattered clouds
526,Necochea,AR,-38.5473,-58.7368,71.01,71,74,1.01,broken clouds
527,Eskilstuna,SE,59.3666,16.5077,46.4,57,75,20.71,broken clouds
528,Urumqi,CN,43.801,87.6005,60.8,33,0,6.71,clear sky
529,Bor,RU,56.3567,44.0669,44.6,49,40,6.71,scattered clouds
530,Cockburn Town,TC,21.4612,-71.1419,75.47,65,73,14.79,broken clouds
531,Diffa,NE,13.3154,12.6113,105.06,4,21,10.07,few clouds
532,Marovoay,MG,-16.1,46.6333,87.8,66,20,3.44,few clouds
533,Guanajuato,MX,21.0186,-101.2591,69.8,28,1,7.11,clear sky
534,Novikovo,RU,51.1537,37.8879,47.84,42,100,4.81,overcast clouds
535,Krasavino,RU,60.9614,46.4814,36.54,80,25,6.78,scattered clouds
536,Salalah,OM,17.0151,54.0924,82.4,74,20,9.22,few clouds
537,Beidao,CN,34.5686,105.8933,50.05,85,100,2.93,moderate rain
538,Simplicio Mendes,BR,-7.8539,-41.9103,94.41,29,95,9.93,overcast clouds
539,Taoudenni,ML,22.6783,-3.9836,99.68,8,11,11.83,few clouds
540,Quatre Cocos,MU,-20.2078,57.7625,78.01,94,75,12.66,moderate rain
541,Dungarpur,IN,23.8333,73.7167,89.82,6,0,1.32,clear sky
542,Derbent,RU,42.0678,48.2899,58.89,72,77,8.55,broken clouds
543,Chervishevo,RU,56.9464,65.4278,42.8,70,0,6.71,clear sky
544,Port Lincoln,AU,-34.7333,135.8667,61.84,62,100,13.53,overcast clouds
545,Lohja,FI,60.2486,24.0653,37.0,98,100,11.99,light snow
546,Kpandu,GH,6.9954,0.2931,91.99,52,100,7.7,overcast clouds
547,Kralendijk,BQ,12.15,-68.2667,84.2,70,75,14.97,broken clouds
548,Cururupu,BR,-1.8283,-44.8683,82.94,82,63,8.43,broken clouds
549,Newtownards,GB,54.5924,-5.6909,43.0,70,75,9.22,broken clouds
550,Gambela,ET,8.25,34.5833,100.47,19,57,5.48,broken clouds
551,Bocana,PH,10.0116,122.7217,80.65,73,83,4.05,light rain
552,Mtambile,TZ,-5.3833,39.7,81.39,76,18,13.18,few clouds
553,Catuday,PH,16.2923,119.8062,78.49,76,14,5.44,few clouds
554,Makanya,TZ,-4.3667,37.8333,78.03,70,58,5.3,light rain
555,Ashtian,IR,34.5217,50.0019,61.61,29,98,15.46,overcast clouds
556,Saint Joseph,US,39.7686,-94.8466,57.2,62,1,6.91,clear sky
557,Garowe,SO,8.4054,48.4845,86.23,12,4,7.45,clear sky
558,Dzhankoy,UA,45.7167,34.4,49.17,37,100,8.3,overcast clouds
559,Kutahya,TR,39.4242,29.9833,39.99,60,75,21.85,broken clouds
560,Matagami,CA,49.7502,-77.6328,55.4,62,1,9.22,clear sky
561,Coffs Harbour,AU,-30.3,153.1333,69.8,73,0,10.36,clear sky
562,Nedryhayliv,UA,50.834,33.8763,46.29,46,83,4.85,broken clouds
563,Kaa-Khem,RU,51.6833,94.7333,40.5,56,100,6.26,overcast clouds
564,Acoyapa,NI,11.9703,-85.1711,82.4,69,40,4.61,scattered clouds
565,Dunmore Town,BS,25.5,-76.65,72.81,61,8,10.49,clear sky
566,Sao Jose Da Coroa Grande,BR,-8.8978,-35.1478,84.06,63,100,12.91,overcast clouds
567,Gerash,IR,27.6652,54.1371,89.6,12,0,9.22,clear sky
568,Uray,RU,60.1247,64.7758,36.54,98,100,7.65,overcast clouds
569,Corrales,US,35.2378,-106.6067,60.01,14,1,28.77,clear sky
570,Dunedin,NZ,-45.8742,170.5036,52.0,95,100,1.99,overcast clouds
571,Korhogo,CI,9.45,-5.6333,104.43,14,33,6.91,scattered clouds
572,Mayo,US,38.8876,-76.5119,55.0,94,90,8.05,overcast clouds
573,Parkes,AU,-33.1333,148.1833,59.0,69,38,4.81,scattered clouds
574,Ferme-Neuve,CA,46.7001,-75.4493,62.6,48,9,11.5,clear sky
575,San Cristobal,VE,7.7669,-72.225,84.2,45,75,17.27,broken clouds
576,Santa Cruz,BO,-17.8,-63.1667,82.4,83,75,13.8,broken clouds
577,Saint-Paul,RE,-21.0096,55.2707,80.01,83,90,11.5,light rain
578,Raudeberg,NO,61.9875,5.1352,37.99,79,100,17.27,overcast clouds
579,Mortka,RU,59.3322,66.0214,35.83,96,95,5.59,overcast clouds
580,Jaru,BR,-10.4389,-62.4664,76.33,93,100,2.44,overcast clouds
581,Ipatovo,RU,45.7181,42.9036,43.79,83,100,12.73,light rain
582,Owatonna,US,44.0839,-93.226,51.01,93,75,2.64,light rain
583,Launceston,AU,-41.45,147.1667,45.0,87,6,9.22,clear sky
584,Gardez,AF,33.5974,69.2259,54.9,39,99,6.06,overcast clouds
585,Chulym,RU,55.0997,80.9572,33.13,85,98,11.79,overcast clouds
586,Lorengau,PG,-2.0226,147.2712,79.97,84,100,4.32,overcast clouds
587,Yokadouma,CM,3.5167,15.05,84.83,51,94,3.76,light rain
588,Narok,KE,-1.0783,35.8601,63.48,82,98,3.96,light rain
589,Chifeng,CN,42.2683,118.9636,49.15,34,4,7.02,clear sky
590,Coquimbo,CL,-29.9533,-71.3436,64.4,68,0,11.5,clear sky
591,Radevormwald,DE,51.2,7.35,54.0,58,100,3.0,overcast clouds
592,Yangjiang,CN,21.85,111.9667,68.65,75,100,5.95,overcast clouds
593,Krasnokamensk,RU,50.0979,118.0369,48.38,30,52,10.27,broken clouds
594,Porto Santo,PT,33.072,-16.3415,68.0,68,20,13.8,few clouds
595,Biri,PH,12.6833,124.3636,80.08,78,97,14.14,overcast clouds
596,Kargopol,RU,61.5071,38.9456,35.91,74,6,9.95,clear sky
597,Qui Nhon,VN,13.7667,109.2333,77.43,86,24,8.63,few clouds
598,Vetluzhskiy,RU,58.3902,45.4654,36.75,85,13,5.21,few clouds
599,Barcelos,PT,41.5388,-8.6151,66.0,77,40,11.5,scattered clouds
600,Mantena,BR,-18.7817,-40.9803,81.21,49,11,8.52,few clouds
601,Grants Pass,US,42.439,-123.3284,37.4,87,1,0.25,clear sky
602,Pizarro,CO,4.9533,-77.366,75.42,94,100,3.89,moderate rain
603,Chervona Sloboda,UA,49.3789,32.1464,47.08,43,49,6.6,scattered clouds
604,Igarka,RU,67.4667,86.5833,28.54,85,100,8.19,overcast clouds
605,Port Hardy,CA,50.6996,-127.4199,41.0,87,90,8.05,moderate rain
606,Mount Isa,AU,-20.7333,139.5,77.0,31,29,6.91,scattered clouds
607,Waingapu,ID,-9.6567,120.2641,78.04,77,79,4.94,broken clouds
608,Bichura,RU,50.5881,107.6022,32.56,70,20,2.24,few clouds
609,Dawei,MM,14.0833,98.2,77.94,89,97,2.28,overcast clouds
610,Ngunguru,NZ,-35.6167,174.5,66.99,89,100,10.0,light rain
611,Mayna,RU,54.1135,47.6231,33.67,97,100,5.26,snow
612,Copiapo,CL,-27.3667,-70.3333,64.4,72,75,16.11,broken clouds
613,Lasem,ID,-6.6922,111.4527,79.02,88,23,3.94,light rain
614,Marienburg,PL,54.0359,19.0266,53.01,37,100,17.25,overcast clouds
615,Anguillara Sabazia,IT,42.0875,12.2767,62.6,25,0,9.22,clear sky
616,Kota Belud,MY,6.351,116.4305,78.8,89,20,4.61,few clouds
617,Sao Joao Da Barra,BR,-21.6403,-41.0511,84.2,45,75,9.22,broken clouds
618,Jiangyou,CN,31.7667,104.7167,55.96,91,100,3.13,light rain
619,Luwuk,ID,-0.9516,122.7875,77.94,88,100,2.98,overcast clouds
620,Abu Dhabi,AE,24.4667,54.3667,80.6,69,0,8.05,clear sky
621,Alghero,IT,40.5589,8.3181,66.2,39,0,6.91,clear sky
622,Riyadh,SA,24.6877,46.7219,100.4,7,0,8.05,clear sky
623,Muisne,EC,0.6,-80.0333,82.4,89,20,4.61,few clouds
624,Guigue,VE,10.0853,-67.7792,84.34,61,100,1.99,overcast clouds
625,Bambanglipuro,ID,-7.95,110.2833,78.3,85,99,3.22,overcast clouds
626,Neryungri,RU,56.6709,124.6491,28.33,97,100,3.74,snow
627,Muros,ES,42.7762,-9.0603,66.0,66,100,7.92,overcast clouds
628,Igunga,TZ,-4.2833,33.8833,76.06,69,96,3.87,light rain
629,Kallupatti,IN,9.7167,77.8667,86.0,58,13,8.05,few clouds
630,Tarko-Sale,RU,64.9225,77.785,30.94,92,100,15.43,overcast clouds
631,Bathsheba,BB,13.2167,-59.5167,84.2,58,40,17.27,scattered clouds
632,San Jose,US,37.3394,-121.895,50.0,76,75,6.91,broken clouds
633,Kishi,NG,9.0833,3.85,94.71,33,100,8.63,light rain
634,Gamba,GA,-2.65,10.0,82.49,73,90,8.99,overcast clouds
635,Peringat,MY,6.0333,102.2833,82.4,78,20,3.44,few clouds
636,Strezhevoy,RU,60.7333,77.5889,39.2,60,0,8.95,clear sky
637,Balabac,PH,7.9868,117.0645,80.74,74,87,9.55,overcast clouds
638,Contamana,PE,-7.3333,-75.0167,86.41,63,100,1.63,overcast clouds
639,Nang Rong,TH,14.6377,102.7914,86.0,87,65,7.16,broken clouds
640,Urucui,BR,-7.2294,-44.5561,91.24,42,99,10.54,overcast clouds
641,Tevriz,RU,57.509,72.4042,36.14,92,100,6.53,overcast clouds
642,Ust-Nera,RU,64.5667,143.2,11.44,96,100,4.36,light snow
643,Celestun,MX,20.8667,-90.4,83.12,65,6,10.8,clear sky
644,Villa Bruzual,VE,9.3328,-69.1208,88.16,52,100,4.27,overcast clouds
645,Misratah,LY,32.3754,15.0925,60.85,56,6,15.75,clear sky
646,Kirakira,SB,-10.4544,161.9205,78.98,82,100,8.7,overcast clouds
647,Kamenka,RU,51.3223,42.7678,48.0,52,92,11.34,overcast clouds
648,Burns Lake,CA,54.2331,-125.7533,28.4,74,97,5.75,overcast clouds
649,San Jeronimo,PE,-11.9472,-75.2829,55.51,66,100,1.74,overcast clouds
650,Galle,LK,6.0367,80.217,80.82,76,1,4.76,clear sky
651,Erdaojiang,CN,41.7764,126.0319,41.07,27,0,1.79,clear sky
652,Tessalit,ML,20.1986,1.0114,99.03,5,0,10.94,clear sky
653,Sawtell,AU,-30.3833,153.1,69.8,73,0,10.36,clear sky
654,Sishui,CN,35.6489,117.2758,60.12,51,100,4.34,light rain
655,Norfolk,US,42.1668,-71.2495,64.0,48,1,3.44,clear sky
656,Kushiro,JP,42.975,144.3747,33.71,64,100,10.58,overcast clouds
657,Chapais,CA,49.7834,-74.8492,48.2,76,90,6.91,overcast clouds
658,Zherdevka,RU,51.8486,41.4606,46.4,48,100,8.12,overcast clouds
659,Baruun-Urt,MN,46.6806,113.2792,49.73,24,82,14.16,broken clouds
660,Urucara,BR,-2.5364,-57.76,87.91,57,99,4.45,overcast clouds
661,Laranjal Paulista,BR,-23.0497,-47.8367,79.03,48,4,6.89,clear sky
662,Tamiahua,MX,21.2667,-97.45,80.19,75,20,2.1,few clouds
663,Graciano Sanchez,MX,23.9167,-99.2833,78.8,65,1,18.41,clear sky
664,Xichang,CN,27.8964,102.2634,63.54,59,73,3.24,broken clouds
665,Ikalamavony,MG,-21.15,46.5833,71.29,71,100,5.3,light rain
666,Khasan,RU,42.4308,130.6434,38.91,67,0,1.16,clear sky
667,Basoko,CD,1.2391,23.616,79.95,62,100,4.92,overcast clouds
668,Reporoa,NZ,-38.4333,176.35,63.0,94,100,3.71,light rain
669,Ramona,US,33.0417,-116.8681,59.0,93,1,3.44,clear sky
670,Tungor,RU,53.3808,142.9564,14.41,95,10,7.81,clear sky
671,Katangli,RU,51.7102,143.2326,13.95,96,36,7.18,scattered clouds
672,Kang,BW,-23.6752,22.7876,84.38,21,1,9.44,clear sky
673,Talakan,RU,50.3167,130.3667,34.48,59,2,2.8,clear sky
674,Kidal,ML,18.4411,1.4078,100.99,4,0,7.16,clear sky
675,Tawau,MY,4.2498,117.8871,77.0,94,20,2.3,few clouds
676,Abaete,BR,-19.16,-45.4458,71.46,62,99,6.02,overcast clouds
677,Opuwo,NA,-18.0607,13.84,85.68,26,5,12.71,clear sky
678,Hervey Bay,AU,-25.2986,152.8535,75.0,92,15,3.0,few clouds
679,Yulara,AU,-25.2406,130.9889,80.6,22,34,11.5,scattered clouds
680,Novaya Bryan,RU,51.7159,108.2691,37.4,56,20,11.18,few clouds
681,Sao Desiderio,BR,-12.3633,-44.9733,89.29,37,83,9.42,broken clouds
682,Bamako,ML,12.65,-8.0,107.6,5,0,9.22,clear sky
683,Curico,CL,-34.9833,-71.2333,62.01,82,75,9.22,haze
684,Derzhavinsk,KZ,51.1,66.3167,39.31,90,8,7.76,clear sky
685,Shubarkuduk,KZ,49.1447,56.4872,57.87,53,78,16.08,broken clouds
686,Moerai,PF,-22.4333,-151.3333,77.68,71,100,11.3,overcast clouds
687,Upata,VE,8.0086,-62.3989,82.99,78,73,1.01,broken clouds
688,Zhezkazgan,KZ,47.8043,67.7144,59.4,46,16,2.51,few clouds
689,Sembe,CG,1.6481,14.5806,87.53,52,81,0.87,broken clouds
690,Comodoro Rivadavia,AR,-45.8667,-67.5,53.6,87,40,2.3,scattered clouds
691,Vezirkopru,TR,41.1436,35.4547,37.4,75,75,16.11,light rain
692,Tiznit,MA,29.5833,-9.5,63.68,58,100,11.63,overcast clouds
693,Bonavista,CA,48.6499,-53.1147,41.0,100,100,8.05,light rain
694,Koutsouras,GR,35.0339,25.9469,57.0,34,6,35.68,clear sky
695,Montepuez,MZ,-13.1256,38.9997,72.72,85,53,4.12,broken clouds
696,Emerald,AU,-23.5333,148.1667,71.6,49,40,3.44,light rain
697,Mindelo,CV,16.8901,-24.9804,78.8,53,20,24.16,few clouds
698,Santiago Del Estero,AR,-27.7951,-64.2615,84.76,54,91,10.8,overcast clouds
699,Manono,CD,-7.3,27.4167,73.11,88,100,3.18,overcast clouds
700,Griffith,US,41.5284,-87.4237,57.99,77,90,17.27,overcast clouds
701,Si Racha,TH,13.1737,100.9311,88.0,99,95,8.32,overcast clouds
702,Shebunino,RU,46.4339,141.8603,30.94,77,94,12.26,overcast clouds
703,Nouakchott,MR,18.0858,-15.9785,91.4,21,0,13.8,clear sky
704,Vryheid,ZA,-27.7695,30.7917,74.05,49,0,6.13,clear sky
705,Kerrville,US,30.0474,-99.1403,70.0,83,90,10.36,haze
706,Nakusp,CA,50.2499,-117.8023,33.8,75,99,1.14,overcast clouds
707,Williston,US,48.147,-103.618,39.0,63,87,10.0,overcast clouds
708,Jiaojiang,CN,28.6803,121.4428,50.0,68,0,1.01,light rain
709,Rivera,UY,-30.9053,-55.5508,85.33,45,100,15.21,overcast clouds
710,Mana,GF,5.6592,-53.7767,74.19,95,100,9.75,overcast clouds
711,Santa Maria,BR,-29.6842,-53.8069,87.8,48,20,9.22,few clouds
712,Onega,RU,63.9061,38.1404,35.17,70,4,11.79,clear sky
713,Sola,VU,-13.8833,167.55,80.87,74,100,10.56,overcast clouds
714,Tottori,JP,35.5,134.2333,40.62,64,52,4.05,broken clouds
